code,Country,Horse Name,Discipline,Event,Year of Birth,Sex,FEI ID Number,Colour,Groom,Sire,Owner,Second Owner,Country of Birth
H000255,Australia,QUINCY B,Equestrian,DRESSAGE,2014,Gelding,107TK32,Chestnut,LEEDEN MADELINE,QUATERBACK,TERRENCE SNOW,,GER
H000258,Australia,IVANHOE,Equestrian,DRESSAGE,2013,Gelding,108FT24,Dark Bay,MCDONALD MADELON,DESPERADO,"MARY HANNA, ROB HANNA",,NED
H000260,Australia,MYSTERIOUS STAR,Equestrian,DRESSAGE,2013,Gelding,108CR47,Dark Bay,HODL MARLENE,METALL,"STEPHANIE GOLLER, WILLIAM MATTHEW",,GER
H000262,Australia,DESTANO,Equestrian,DRESSAGE,2007,Stallion,104YZ00,Black,REUDAVEY EMILY,DESPERADOS,"GESTUT SPREHE GMBH, SIMONE PEARCE",,GER
H000266,Austria,FIDERTRAUM OLD,Equestrian,DRESSAGE,2009,Gelding,105RK08,Bay,EIGL LUISE,FIDERTANZ 2,VERENA BACHER,,GER
H000267,Austria,ROBERTO CARLOS MT,Equestrian,DRESSAGE,2010,Gelding,104TL20,Black,JOEBSTL PAUL,ROSANDRO,VICTORIA MAX-THEURER,"GOTZ BRINKMANN, FLORIAN OPELKA",GER
H000269,Austria,ABEGGLEN FH NRW,Equestrian,DRESSAGE,2010,Gelding,106DE76,Dark Bay,OSS SIMONE,AMPERE,"E. MAX-THEURER, GESTUT VORWERK","URSULA BARTH, VALERIE HACK",GER
H000271,Austria,TE QUIERO SF,Equestrian,DRESSAGE,2011,Gelding,106HV97,Bay,MANZINGER JOHANNES,TOTILAS,FRANZISKA FRIES,,GER
H000275,Belgium,FLYNN FRH,Equestrian,DRESSAGE,2014,Stallion,107AI11,Black,DE WINNE PASCAL,TANNENHOF'S FAHRENHEIT,"WINHORSES, ELS CARNEWAL",,GER
H000276,Belgium,BOTTICELLI,Equestrian,DRESSAGE,2006,Stallion,103HP76,Chestnut,SCOHIER MARIE-FRANCE,VIVALDI,MARIE-FRANCE DEFALQUE-SCOHIER,,NED
H000279,Belgium,FLAMBEAU,Equestrian,DRESSAGE,2010,Gelding,106TF94,Bay,VANDERMEULEN JULIEN,AMPERE,"CAROLINE LEPAGE, EMMANUEL LEPAGE",J. & M C. PAULUIS,NED
H000282,Brazil,FEEL GOOD VO,Equestrian,DRESSAGE,2012,Gelding,105ZI28,Bay,BIJARNIYA PRATHVI RAJ,FRANZISKUS FRH,JOAO VICTOR MARCARI OLIVA,,GER
H000285,Canada,FINNLANDERIN,Equestrian,DRESSAGE,2010,Mare,106JG12,Chestnut,ARCHAMBAULT FLORENCE,FIDERTANZ 2,CAMILLE CARIER BERGERON,GILLES BERGERON,FRA
H000289,Canada,DELACROIX 11,Equestrian,DRESSAGE,2010,Gelding,106YA50,Bay,MCGRATH MARY,DANCIER,"JILL IRVING, WINDHAVEN",,GER
H000291,Canada,STATESMAN,Equestrian,DRESSAGE,2007,Gelding,103XJ43,Bay,SAUNDERS YAS,SANDRO HIT,KML INC,GUY LALIBERTE,GER
H000293,Canada,ECLIPS,Equestrian,DRESSAGE,2009,Gelding,106SJ68,Black,VILJANEN IDA,APACHE,BARBARA SOEDERHUIZEN,CHRIS VON MARTELS,NED
H000294,Denmark,VAYRON,Equestrian,DRESSAGE,2011,Stallion,106ND62,Bay,LIDENHOLM MAGDALENA,VITALIS,RUDOLF SPIEKERMANN,DANIEL BACHMANN ANDERSEN,GER
H000296,Denmark,FREESTYLE,Equestrian,DRESSAGE,2009,Mare,105BZ34,Dark Bay,SEEFELD LARS,FIDERMARK,LAUDRUP-DUFOUR & ZINGLERSEN APS,MOUNT ST JOHN EQUESTRIAN LLP,GER
H000299,Denmark,ZEPTER,Equestrian,DRESSAGE,2008,Gelding,105AK05,Chestnut,JENSEN SILLE,BLUE HORS ZACK,BLUE HORS APS,,GER
H000301,Denmark,FAVOUR GERSDORF,Equestrian,DRESSAGE,2013,Gelding,106DA75,Black,PETERSEN MARIA,FOUNDATION 2,NADJA AABOE SLOTH,,DEN
H000305,Dominican Republic,AQUAMARIJN,Equestrian,DRESSAGE,2005,Mare,104VM13,Bay,,UNITED,YVONNE LOSOS DE MUNIZ,SYLVIA INES MUNIZ LOSOS,NED
H000306,Ecuador,JEWEL'S GOLDSTRIKE,Equestrian,DRESSAGE,2011,Gelding,105ME37,Chestnut,,BRETTON WOODS,"JESSICA MENDOZA, JUSTIN MENDOZA",JULIO MENDOZA LOOR,NED
H000308,Spain,FRIZZANTINO FRH,Equestrian,DRESSAGE,2015,Stallion,106WJ80,Dark Bay,BRENNINKMEIJER ALEXANDER MARTIN AL.,FINEST,ALEXANDER BRENNINKMEIJER,BORJA CARRASCOSA,GER
H000310,Spain,HI-RICO DO SOBRAL,Equestrian,DRESSAGE,2012,Stallion,105YC77,Grey,PORTILLO PEREZ JOSE LUIS,RICO,FRANCISCO VERA SANCHEZ,,ESP
H000313,Spain,EUCLIDES MOR,Equestrian,DRESSAGE,2009,Stallion,104UN73,Grey,MARTINEZ LORENZO PABLO,RIOPELE,ABELLARDO MORALES PURON,,POR
H000314,Spain,MALAGUENO LXXXIII,Equestrian,DRESSAGE,2010,Stallion,106IR73,Bay,DURAN VICENS CRISTINA,JOYERO XXIV,FRANCISCO SANTIAGO RUIZ,,ESP
H000319,Finland,DAYTONA,Equestrian,DRESSAGE,2013,Mare,107CV96,Black,LINDGREN NENJA,DANTE WELTINO OLD,"EQUIETTAN AB, GEORG EHRNROOTH","EJB AB, BACHMANN DRESSAGE",GER
H000320,Finland,GREEK AIR,Equestrian,DRESSAGE,2011,Stallion,106DM46,Chestnut,LINDROOS SINI,I.P.S. GRIBALDI,"EMMA KANERVA, GERT SABOROWSKI",,GER
H000321,Finland,GLAMOURALINE,Equestrian,DRESSAGE,2011,Mare,107CF69,Dark Bay,VESTERINEN MINTTU,JOHNSON TN,JOANNA ROBINSON,,NED
H000322,Finland,TIFFANYS DIAMOND,Equestrian,DRESSAGE,2012,Mare,106IQ37,Bay,HUTTER JOHANN,TAILORMADE TEMPTATION,"EQUECO GMBH, HENRI RUOSTE",VICTORIA MARIE SCHONHOFEN,DEN
H000325,France,JOLENE,Equestrian,DRESSAGE,2012,Mare,107OJ41,Bay,GUSEVA OLGA,JOHNSON TN,"ABDULKARIM BARAKE, ALEXANDRE AYACHE",,DEN
H000326,France,SERTORIUS DE RIMA Z,Equestrian,DRESSAGE,2010,Gelding,106BC57,Dark Bay,GUYON RODRIGUE,SANDRO HIT,INSTITUT FRANCAIS DU CHEVAL,ET DE L'EQUITATION,FRA
H000330,France,GOTILAS DU FEUILLARD,Equestrian,DRESSAGE,2011,Gelding,106CR42,Black,LAMAURY LIVIE,TOTILAS,ISABELLE JUDET,,NED
H000332,France,JIBRALTAR DE MASSA,Equestrian,DRESSAGE,2014,Stallion,107QZ04,Black,ARNAUD CARLA,SAN AMOUR I,S.A.R.L. SERRE DRESSAGE,,FRA
H000337,Great Britain,IMHOTEP,Equestrian,DRESSAGE,2013,Gelding,107EI64,Chestnut,GORNI Francesca,EVERDALE,"Carl HESTER, Coral INGHAM",,NED
H000339,Great Britain,GLAMOURDALE,Equestrian,DRESSAGE,2011,Stallion,105HH76,Black,HAUWAERTS RICH,LORD LEATHERDALE,"CHARLOTTE FRY, VAN OLST HORSES",,NED
H000342,Great Britain,FAME,Equestrian,DRESSAGE,2010,Stallion,105XJ20,Bay,SCUDAMORE LUCY,BORDEAUX 28,"FIONA BIGWOOD, METTE DAHL",CARL HESTER,NED
H000344,Great Britain,JAGERBOMB,Equestrian,DRESSAGE,2014,Gelding,107VX02,Bay,MASSON KIM,DANTE WELTINO OLD,"BECKY MOODY, JO COOPER",,GBR
H000352,Germany,FENDI,Equestrian,DRESSAGE,2014,Gelding,106MX28,Bay,KOSKINEN HEINI,FRANKLIN,ROTHENBERGER IM GESTUT ERLENHOF OHG,,DEN
H000353,Germany,TSF DALERA BB,Equestrian,DRESSAGE,2007,Mare,105AH62,Dark Bay,LEONHARDT FRANZISKA,EASY GAME,BEATRICE A. BUERCHLER-KELLER,MICAELA WERNDL,GER
H000354,Germany,BLUETOOTH OLD,Equestrian,DRESSAGE,2010,Gelding,104PV99,Dark Bay,LIGUS LARS,BORDEAUX 28,HOF KASSELMANN,,GER
H000355,Germany,WENDY,Equestrian,DRESSAGE,2014,Mare,106OD51,Black,WIEGARD STEFANIE,SEZUAN 2,"CHATEAU FONTAINE, M. WINTER-SCHULZE",HELGSTRAND DRESSAGE A/S,DEN
H000359,India,SIR CARAMELLO OLD,Equestrian,DRESSAGE,2007,Gelding,103OC55,Dark Chestnut,MCIVOR ALISON HELEN,SIR DONNERHALL,GAUTAM AGARWALLA,,GER
H000361,Ireland,GIRALDO,Equestrian,DRESSAGE,2011,Gelding,105OY04,Bay,MCVICAR MARK,HARMONY'S ROUSSEAU,"ABIGAIL LYLE, CAROLINE CLARRY",,NED
H000364,Korea,DELMONTE 7,Equestrian,DRESSAGE,2011,Gelding,106PX11,Chestnut,GO EUNJI,DESTANO,HOSUB HWANG,,GER
H000365,Lithuania,NABAB,Equestrian,DRESSAGE,2013,Gelding,106UO70,Dark Bay,LEONAVICIUTE LINA,SIR DONOVAN,"J. GIRNIUTE-BOGDANIENE, R. BOGDANAS",JUSTINA VANAGAITE-SAMUILE,BEL
H000368,Luxembourg,QUATER BACK JUNIOR FRH,Equestrian,DRESSAGE,2009,Gelding,104IN23,Chestnut,BÜTTNER PETRA,QUATERBACK,SOC. HIPPIQUE ET D'ELEVAGE S.A.,N. WAGNER,GER
H000369,Morocco,ALL AT ONCE,Equestrian,DRESSAGE,2010,Stallion,104VZ61,Black,GEERTS JOY,AMPERE,"STAL 104 BV, YESSIN RAHMOUNI",,NED
H000371,Republic of Moldova,ABERCROMBIE,Equestrian,DRESSAGE,2014,Stallion,106XR11,Bay,TURCHINA NATALIA,AMPERE,ALISA GLINKA,,GER
H000373,Netherlands,TOTAL US,Equestrian,DRESSAGE,2012,Stallion,105QI58,Black,RUITER VANESSA,TOTILAS,GLOCK HPC NL B.V.,,GER
H000374,Netherlands,TOTO JR.,Equestrian,DRESSAGE,2011,Stallion,106OS57,Black,VISSER ANNA,TOTILAS,GLOCK HPC NL B.V.,,GER
H000375,Netherlands,INDIAN ROCK,Equestrian,DRESSAGE,2013,Stallion,106DI84,Dark Bay,SANDERS HILDE,APACHE,"AD VALK, BLACK HORSES BV",,NED
H000379,Netherlands,HERMES,Equestrian,DRESSAGE,2012,Stallion,105SD82,Bay,VAN DONGEN SUSAN,EASY GAME,JOOP VAN UYTERT,,NED
H000382,Norway,TOTAL HOPE OLD,Equestrian,DRESSAGE,2012,Stallion,106DN00,Black,GESKE CHRISTIN,TOTILAS,"LONE BOEGH-HENRIKSEN, OIVIND BACHE",PAUL SCHOCKEMOHLE,GER
H000384,Poland,GUAPO,Equestrian,DRESSAGE,2011,Stallion,107DX32,Bay,KLIMA JAROSLAW,XARME,KATARZYNA MILCZAREK,,POR
H000386,Poland,LOVE ME,Equestrian,DRESSAGE,2008,Gelding,104TX52,Chestnut,IGNASZAK ALEKSANDRA,LOCKSLEY II,ANDRZEJ SALACKI,,GER
H000387,Poland,BREAKDANCE,Equestrian,DRESSAGE,2011,Gelding,105FK24,Grey,PRZEPIORA JOANNA,FRED,"ALEKSANDRA SZULC, JEAN BEMELMANS",JOANNA SZULC,POL
H000388,Portugal,HIT PLUS,Equestrian,DRESSAGE,2012,Stallion,106NI93,Bay,AFONSO PEDRO,BRETTON WOODS,MARIA CAETANO,,POR
H000390,Portugal,IRAO,Equestrian,DRESSAGE,2013,Gelding,107FB36,Grey,GUINATO FELIPE,RUBI,TEAM RUBI SARL,PEDRO FERRAZ DA COSTA,POR
H000392,Portugal,FUERST KENNEDY OLD,Equestrian,DRESSAGE,2015,Stallion,107AD82,Black,MOREIRA MARTA,FUERSTEN-LOOK,JOAO MOREIRA,ROBERTO PEDROSA HARAS DO DROSA,GER
H000396,Portugal,FINE FELLOW - H,Equestrian,DRESSAGE,2011,Gelding,107EP16,Dark Bay,VALE JOANA,FUERST FUGGER,"ANTONIO VALE, JOHANNES HEINRICHS",,GER
H000397,New Zealand,WINDERMERE J'OBEI W,Equestrian,DRESSAGE,2010,Gelding,106CA83,Chestnut,PARKES SARAH,JOHNSON TN,"MELISSA GALLOWAY, ANNE PARKES",RODNEY PARKES,NZL
H000398,Singapore,ZATCHMO,Equestrian,DRESSAGE,2009,Stallion,105JU17,Bay,STEPHENS RACHEL LORRAINE,BLUE HORS ZACK,"MELANIE CHEW, TONY CHEW",,GER
H000402,Switzerland,FIBONACCI,Equestrian,DRESSAGE,2010,Gelding,106WY09,Bay,SUTER DOMINIQUE,FLANAGAN,ROBERT LUALDI,,GER
H000404,Sweden,TOUCHDOWN,Equestrian,DRESSAGE,2012,Gelding,105SH67,Bay,JOHANSSON MARIE,QUATERBACK,SOMMARKVARN AB,,SWE
H000406,Sweden,DANTE WELTINO OLD,Equestrian,DRESSAGE,2007,Stallion,104VX30,Black,ULRICH SEBASTIAN,DANONE 4,DRESSURPFERDE LODBERGEN GMBH,THERESE NILSHAGEN,GER
H000407,Sweden,BURIEL K.H.,Equestrian,DRESSAGE,2006,Gelding,104EF70,Dark Bay,VERWOERD LINDA,OSMIUM,LA POMME HB,,NED
H000410,Sweden,INVOICE,Equestrian,DRESSAGE,2012,Gelding,107MH94,Black,VON ESSEN EBBA,JAZZ,ALEXANDERS HOVSLAGERI & HAST AB,,NED
H000416,United States,HELIX,Equestrian,DRESSAGE,2012,Gelding,107XP47,Chestnut,LEMAY MARINA,APACHE,ZEN ELITE EQUESTRIAN CENTER,,NED
H000419,United States,JANE,Equestrian,DRESSAGE,2014,Mare,107QG44,Black,NEMETH ALLISON,DESPERADO,ALICE TARJAN,,NED
H000420,United States,BOHEMIAN,Equestrian,DRESSAGE,2010,Gelding,105HB71,Dark Chestnut,HOERDUM CAROLINE,BORDEAUX 28,ZEN ELITE EQUESTRIAN CENTER,,GER
H000421,United States,SUPPENKASPER,Equestrian,DRESSAGE,2008,Gelding,105DN05,Bay,GARCIA EDDIE,SPIELBERG,"AKIKO YAMAZAKI, FOUR WINDS FARM",,NED
H000422,Venezuela,HONNAISSEUR SJ,Equestrian,DRESSAGE,2012,Gelding,106LL61,Chestnut,,CONNAISSEUR,"PATRICIA ZILIO, ARTURO FERRANDO",PATRICIA FERRANDO,NED
H000601,Belgium,INTERMEZZO VH MEERDAALHOF,Equestrian,DRESSAGE,2008,Gelding,105DV79,Black,RAATELAND GEERT JAN,I.P.S. GRIBALDI,MARC STEENO,,BEL
H100005,Great Britain,INDIGRO,Equestrian,DRESSAGE,2013,Stallion,107YM74,,NATALIE CAMPBELL,NEGRO,TATIANA SKILLMAN,,
H100009,Austria,AMPLEMENTO,Equestrian,DRESSAGE,2011,Stallion,105ZY12,Bay,JOHANNES MANZINGER,AMPERE,STEPHANIE DEARING,FRANZISKA FRIES,
H100010,Canada,GENESIS,Equestrian,DRESSAGE,2011,Stallion,105QI61,Chestnut,,JAZZ,WINDHAVEN,,
H000426,Australia,SHADOW MAN,Equestrian,EVENTING,2010,Gelding,105IR24,Chestnut,,FIDJY OF COLORS,Christopher BURTON,GUY BLOODSTOCK LTD,BEL
H000430,Australia,BOLD VENTURE,Equestrian,EVENTING,2010,Gelding,105ZS32,Bay,ANDREWS CHARLOTTE,DEVARAJA,"SHENAE LOWINGS, LEANNE LOWINGS",MARK LOWINGS,AUS
H000432,Australia,DON QUIDAM,Equestrian,EVENTING,2008,Gelding,105EI33,Bay,HARTLEY LUCY,QUIDAM,SCUDERIA 1918 CAPITAL SRL,EMMA MCNAB,NED
H000433,Austria,VITORIO DU MONTET,Equestrian,EVENTING,2009,Stallion,105DZ65,Bay,AMBROS Susanne,LANDO,Harald & Susanne AMBROS,Herwig RADNETTER,FRA
H000437,Austria,DSP FIGHTING LINE,Equestrian,EVENTING,2007,Gelding,104YH14,Chestnut,OEHNER Julia,OSTERMOND XX,Marianne MUHLBOCK,"Harald SIEGL, Ute SIEGL",GER
H000439,Belgium,GRAVIN VAN CANTOS,Equestrian,EVENTING,2011,Mare,105RA52,Bay,HAELVOET Emmanuelle,UNKNOWN,"An VAN LAETHEM, Maarten BOON",,NED
H000442,Belgium,ORIGI,Equestrian,EVENTING,2014,Gelding,106VZ84,Chestnut,CARDINAEL Bettina,INDOCTRO,Johan VANKERSSCHAEVER,,BEL
H000444,Belgium,LEIPHEIMER VAN 'T VERAHOF,Equestrian,EVENTING,2011,Stallion,105PT53,Chestnut,VERMEIREN Dirk,VIGO D ARSOUILLES STX,Joris DE BRABANDER,,BEL
H000446,Belgium,DIA VAN HET LICHTERVELD Z,Equestrian,EVENTING,2014,Mare,106WJ63,Grey,de SWAEF Dorien,DIAMANT DE SEMILLY,Kris VAN VAERENBERGH,,BEL
H000450,Brazil,CASTLE HOWARD CASANOVA,Equestrian,EVENTING,2013,Gelding,106YJ19,Grey,ROGERS Georgia Lesley,WOMANIZER,"A. VERE NICOLL, M. CARVALHO JORGE",A. & H. MACKENZIE SMITH,IRL
H000452,Brazil,BALLYPATRICK SRS,Equestrian,EVENTING,2011,Gelding,105TH93,Bay,DOROTICH ALENA MARIE,PACINO,"RENATA RABELLO COSTA, RUY FONSECA",,IRL
H000453,Brazil,SAFIRA,Equestrian,EVENTING,2012,Mare,106BG11,Chestnut,MENZIES CHARLOTTE ELIZABETH YORKE,SPRING  S SPIRIT,"CARLOS PARRO, JOHN CHAMBERS",,GBR
H000454,Brazil,WITHINGTON,Equestrian,EVENTING,2011,Gelding,106EJ55,Bay,FITZGERALD Holly Kate Wraight,WOLKENDERRY,"Rafael MAMPRIN LOSANO, James NOBLE",Helen TAYTON-MARTIN,GBR
H000456,Canada,FE GOLDEN EYE,Equestrian,EVENTING,2012,Gelding,105YP22,Bay,WRIGHT Meredith,GOLDFEVER 3,"Amanda BERNHARD, Colleen LOACH",Peter BARRY,GER
H000457,Canada,FREEDOM GS,Equestrian,EVENTING,2012,Mare,106WV55,Bay,BARRY Lisa,HUMBLE GS,Charlotte SCHICKEDANZ,,CAN
H000459,Canada,HOT BOBO,Equestrian,EVENTING,2013,Mare,106QS78,Bay,WAVRYK Amber,ARKANSAS,"Karl SLEZAK, Katlyn HEWSON",,IRL
H000461,Canada,EL MUNDO,Equestrian,EVENTING,2009,Gelding,105TB69,Bay,FERRIS Amy,NUMERO UNO,"Emma WINTER, Jonathan NELSON",Michael WINTER,NED
H000462,China,JILSONNE VAN BAREELHOF,Equestrian,EVENTING,2009,Stallion,105PY82,Bay,WHARFE Holly,NEVADO VAN DE ROSTAL,"Adam GUO, Angelina GUO","Lin GUO, Qianru YI",BEL
H000464,China,LADY CHIN V'T MOERVEN Z,Equestrian,EVENTING,2010,Mare,105EG02,Bay,CARPENTER Deborah,LORD CHIN,"Gao WU, Jingjing WU",,BEL
H000466,Czechia,FERREOLUS LAT,Equestrian,EVENTING,2010,Gelding,105DV71,Bay,,JAGUAR MAIL,"Miloslav PRIHODA JR, Vladimir MALAK",,NED
H000467,Czechia,SHUTTERFLYKE,Equestrian,EVENTING,2011,Mare,105QE71,Bay,,SIR SHUTTERFLY,Adela SVOBODOVA,,NED
H000470,Denmark,FASCINATION,Equestrian,EVENTING,2011,Gelding,105SJ87,Bay,FLARUP Anne,FAVORIT ASK,"Jan JUUL, Peter T. FLARUP",,DEN
H000472,Ecuador,ALTIER D'AUROIS,Equestrian,EVENTING,2010,Gelding,105RO77,Chestnut,,SISLEY DE LA TOUR VIDAL,Nicolas & Frank WETTSTEIN,Monique DEYME,FRA
H000474,Ecuador,FOREVER YOUNG WUNDERMASKE,Equestrian,EVENTING,2003,Gelding,103LA51,Bay,,WELTBEKANNT,Ronald ZABALA GOETSCHEL,"Fabian ZABALA, Fernando VILLACIS",USA
H000475,Spain,UTRERA AA 35 1,Equestrian,EVENTING,2013,Mare,106NA72,Grey,VALENTINA GREWE,VELOCE DE FAVI,JOSE CANEDO ANGOSO,,ESP
H000477,Spain,TARAJE CP 21.10,Equestrian,EVENTING,2013,Stallion,106IC35,Bay,VERDUGO MANZANO Isabel,EOLE DES ORCETS,CAMPEAGRO SAT,,ESP
H000480,Finland,SIR GREG,Equestrian,EVENTING,2010,Gelding,104RK62,Dark Bay,MANNINEN Paivi,SIR GREGORY,EQUISPORT TOLMU TEAM,"Pia NUUTTILA, Petri TOLMUNEN",GER
H000481,Finland,BOFEY CLICK,Equestrian,EVENTING,2009,Gelding,104UX47,Dark Bay,LAVONEN Aino,CHIRLON,"JANKARI,MOLLER,SILTAKORPI,KIVINIEMI",TMI RATSUVALMENNUS Sanna SILTAKORPI,SWE
H000483,France,TRITON FONTAINE,Equestrian,EVENTING,2007,Gelding,104LX44,Bay,RADIGUE Coraline,GENTLEMAN IV,"P. LEMOINE, Guy BESSAT, S.A.R.L.","ECURIE KARIM LAGHOUAG, C. LAFFITTE",FRA
H000484,France,CHAMAN DUMONTCEAU,Equestrian,EVENTING,2012,Gelding,106FK63,Grey,RENAULT Marine,TOP BERLIN DU TEMPLE,S.C.E.A. ECURIE DU CERISIER BLEU,Eric LANDOIS,FRA
H000485,France,AISPRIT DE LA LOGE,Equestrian,EVENTING,2010,Gelding,105HN76,Bay,RODDE Marion,QUPPYDAM DES HORTS,"Augustin GRAND, Frederique GRAND",,FRA
H000490,France,DIABOLO MENTHE,Equestrian,EVENTING,2013,Gelding,106NR74,Grey,COULANGE Aure,SCAREFACE DE MARS,"Francoise NICLAUS, SC MEZARD SPORTS",Melinda TAPIE,FRA
H000495,Great Britain,LORDSHIPS GRAFFALO,Equestrian,EVENTING,2012,Gelding,106EB79,Bay,CHARNLEY Sarah,BIRKHOF'S GRAFENSTOLZ,"Archie SAUL, Michele SAUL",,GBR
H000497,Great Britain,LONDON 52,Equestrian,EVENTING,2009,Gelding,105MA75,Bay,HUGHES Tilly,LANDOS,"Keith SCOTT, Karen BARTLETT",Laura COLLETT,GER
H000498,Great Britain,BANZAI DU LOIR,Equestrian,EVENTING,2011,Gelding,105RG83,Chestnut,BELL Alison,NOUMA D'AUZAY,"Janette CHINN, THE SUE DAVIES FUND",,FRA
H000502,Great Britain,JL DUBLIN,Equestrian,EVENTING,2011,Gelding,105PQ61,Dark Bay,SHORT Adam,DIARADO,"J. LAMBERT, D. JOHNSTON",,GER
H000506,Germany,VIAMANT DU MATZ,Equestrian,EVENTING,2009,Gelding,104TQ35,Chestnut,OCHMANN Daniela,DIAMANT DE SEMILLY,Nikolaus Prinz Von CROY,,FRA
H000509,Germany,CHIPMUNK FRH,Equestrian,EVENTING,2008,Gelding,104LS84,Bay,BRENDEL Jenny,CONTENDRO I,"DOKR e.V., Joachim JUNG","Klaus FISCHER, Sabine FISCHER",GER
H000510,Germany,NICKEL 21,Equestrian,EVENTING,2014,Gelding,107DT49,Dark Bay,DECKER SANDRA,NUMERO UNO,SOPHIA ROSSEL,,GER
H000513,Germany,CARJATAN S,Equestrian,EVENTING,2009,Gelding,105DV72,Grey,KIRCHHEIM LI ANN,CLEARWAY,"CHRISTOPH WAHLER, LENA THOENIES",,GER
H000518,Hungary,HERR COOLES CLASSICO,Equestrian,EVENTING,2012,Stallion,106LJ61,Dark Bay,,HOSCO,LOVASSPORT NONPROFIT KFT,,GER
H000519,Ireland,WELLFIELDS LINCOLN,Equestrian,EVENTING,2013,Gelding,106QS61,Bay,SALMON Crisy,LUIDAM,"Anne MARLING, Sue WILKINSON",Susannah BERRY,GBR
H000520,Ireland,ACTION LADY M,Equestrian,EVENTING,2014,Mare,107FW86,Bay,SINGLETON EMILY,PLOT BLUE,"ANDREW COX, SUSANNE MACKEN",,IRL
H000524,Ireland,COLORADO BLUE,Equestrian,EVENTING,2009,Gelding,104YC94,Grey,DENNING Francesca,JAGUAR MAIL,Austin O'CONNOR,THE SALTY SYNDICATE,GBR
H000530,Italy,FIDJY DES MELEZES,Equestrian,EVENTING,2011,Mare,105TL57,Bay,GENOVESE Francesca,AGA KHAN,"AZ. AGRICOLA DI CAMPELLO ARGENTA,",Evelina BERTOLI,BEL
H000532,Italy,FUTURE,Equestrian,EVENTING,2008,Stallion,105SI42,Bay,TENTI SIMONE,FETCHER N,SCUDERIA 1918 CAPITAL SRL,,SWE
H000534,Italy,RUBIS DE PRERE,Equestrian,EVENTING,2005,Gelding,103KF75,Bay,NELLI GAIA,FEDOR DE SEVES,AZ. AGR. GALANTHUS DI CASTELLANI S,,FRA
H000538,Italy,SWIRLY TEMPTRESS,Equestrian,EVENTING,2012,Mare,106CC40,Black,HODGSON Charlotte,FOR LADIES ONLY,"Giovanni UGOLOTTI, Karin RAUSING",Kristina RAUSING,GBR
H000540,Japan,CEKATINKA,Equestrian,EVENTING,2007,Mare,104BX96,Bay,GLENTWORTH MATTHEW,KING KOLIBRI,JAPAN EQUESTRIAN FEDERATION,,NED
H000542,Japan,MGH GRAFTON STREET,Equestrian,EVENTING,2008,Gelding,104AJ73,Bay,GIBSON Emily,OBOS QUALITY 004,Yoshiaki OIWA,,IRL
H000543,Japan,JEFFERSON,Equestrian,EVENTING,2011,Gelding,106DG30,Bay,LAIRD ROWAN,JAQUINO,JAPAN EQUESTRIAN FEDERATION,,GER
H000546,Japan,VINCI DE LA VIGNE,Equestrian,EVENTING,2009,Gelding,104QA80,Bay,POTTS Jackie,ESTEREL DES BOIS,JAPAN EQUESTRIAN FEDERATION,,FRA
H000547,Morocco,CASH IN HAND,Equestrian,EVENTING,2013,Stallion,106OC81,Grey,McCLELLAND Rosalind,SAYARSHAN,"Moulay HAFID EL ALAMY, Noor SLAOUI",,IRL
H000548,Netherlands,CHAMP DE TAILLEUR,Equestrian,EVENTING,2007,Gelding,105AR46,Grey,WESTENENG Ria,QUIDAM DE REVEL,H J C ROOZENDAAL,Lieke VAN DER WERF,NED
H000550,Netherlands,ENJOY,Equestrian,EVENTING,2009,Mare,104WP05,Grey,van ZON Jantien,CARTANO,"Jantien VAN ZON, Johan WORST",Sanne DE JONG,NED
H000552,Netherlands,RADAR LOVE,Equestrian,EVENTING,2013,Gelding,106JN45,Bay,KOOREMANS Lydie,DIARADO,Jeanine STEENTJES,,GER
H000554,Netherlands,DIVALI,Equestrian,EVENTING,2008,Mare,105RA79,Bay,HEIJN Sabine,CARDENTO 933,"J.a.m. LEENAARS, Stephanie LEENAARS",,NED
H000557,New Zealand,MENLO PARK,Equestrian,EVENTING,2010,Gelding,105ID36,Bay,BEAN MARCUS,BERLIN,"CLARKE JOHNSTONE, JEAN JOHNSTONE",ROB JOHNSTONE,GBR
H000558,New Zealand,SPECIAL CAVALIER,Equestrian,EVENTING,2013,Mare,106NU65,Bay,HUDSON TRISTAN,CAVALIER ROYALE,"MANN CHRIS, MICHELLE MANN",CAROLINE POWELL,IRL
H000559,New Zealand,HIARADO,Equestrian,EVENTING,2012,Mare,106EC22,Bay,THOMAS Rosie,DIARADO,"David THOMSON, Karie THOMSON",,NED
H000561,New Zealand,FALCO,Equestrian,EVENTING,2009,Gelding,105JA05,Bay,EDMANS Kerryn,CARDENIO 2,"Sue BENSON, Tim PRICE",,GER
H000566,Poland,QUINTUS 134,Equestrian,EVENTING,2010,Gelding,105DZ61,Chestnut,KNAP MICHAL,QUATERMAN 2,"MICHAL KNAP, CONSALNET GMBH",,GER
H000567,Poland,CANVALENCIA,Equestrian,EVENTING,2011,Mare,105SM36,Bay,SLIWINSKA Aleksandra,VERDI TN,"Beata KORYCKA, Jerzy KORYCKI",,GER
H000569,Poland,TOSCA DEL CASTEGNO,Equestrian,EVENTING,2013,Mare,106KA12,Bay,FABBIANI Chiara,CASCARI,Robert POWALA,,ITA
H000570,Poland,LUCINDA EX ANI 4,Equestrian,EVENTING,2008,Mare,104UU75,Bay,SOBANSKA Anna,LIMBUS,WECHTA INWESTYCJE SP. Z O.O.,,GER
H000571,Portugal,CARAT DE BREMOY,Equestrian,EVENTING,2012,Gelding,105SW50,Dark Bay,da COSTA GRAVE Grave,QUICK STAR,"SOCIEDADE AGRICOLA DA BALA, LDA",,FRA
H000572,South Africa,FIGARO DES PREMICES,Equestrian,EVENTING,2015,Gelding,107VQ52,Bay,CAPOSTAGNO Elinor,QUIDAM DE REVEL,Alexander PETERNELL,,LUX
H000574,Switzerland,GRANDEUR DE LULLY CH,Equestrian,EVENTING,2008,Gelding,104EP89,Bay,ROLLE Joelle,GRECO DE LULLY CH,Jean-Jacques FUENFSCHILLING,,SUI
H000575,Switzerland,TOUBLEU DE RUEIRE,Equestrian,EVENTING,2007,Gelding,104JG55,Grey,GILLIOZ Catherine,MR BLUE,Heinz-Gunter WICKENHAUSER,Peter THUERLER,FRA
H000576,Switzerland,TOBLERONE,Equestrian,EVENTING,2007,Gelding,105YY23,Bay,BISCHOF MINDER Therese,SUMMER SONG,Nicole BASIEUX,,SUI
H000581,Switzerland,DAO DE L'OCEAN,Equestrian,EVENTING,2013,Gelding,106WE45,Chestnut,WEBER Claudia,KANNAN,PHOENIX EVENTING S.A.R.L,,FRA
H000583,Sweden,BOX LEO,Equestrian,EVENTING,2010,Gelding,105CJ66,Dark Bay,FORSBERG Cecilia,JAGUAR MAIL,Therese ORUP,,SWE
H000585,Sweden,GOLDEN MIDNIGHT,Equestrian,EVENTING,2008,Gelding,104MA11,Bay,NILSSON Jenny,GOLDENMINE XX,Karin BERGLUND,,SWE
H000587,Sweden,CASPIAN 15,Equestrian,EVENTING,2014,Gelding,106ZD53,Grey,GARPVALL Emma,L.B. CRUMBLE,"Hinrich ROMEIKE, Louise ROMEIKE",Madeleine BRUGMAN,GER
H000591,United States,OFF THE RECORD,Equestrian,EVENTING,2009,Gelding,104VB17,Bay,BURLOCK Hailey,ARKANSAS,OFF THE RECORD SYNDICATE,,IRL
H000593,United States,NUTCRACKER,Equestrian,EVENTING,2014,Gelding,106HK63,Black,STEGER ABIGAIL,TOLAN R.,THE NUTCRACKER SYNDICATE,,IRL
H000595,United States,FEDARMAN B,Equestrian,EVENTING,2010,Gelding,105NL47,Bay,SIMPSON Stephanie,EUROCOMMERCE WASHINGTON,ANNIE GOODWIN SYNDICATE,,NED
H000596,United States,HSH BLAKE,Equestrian,EVENTING,2015,Gelding,107FF25,Black,TEAHAN Chloe,TOLAN R.,"Caroline PAMUKCU, Deniz PAMUKCU","Mollie HOFF, Sherrie MARTIN",IRL
H000606,Sweden,BRYJAMOLGA VH MARIENSHOF,Equestrian,EVENTING,2011,Mare,105OR33,Bay,GRAHAM Danielle,BAMAKO DE MUZE,"Juliet SJOBORG, Mattias SJOBORG",Sofia SJOBORG,BEL
H100002,Poland,JARD,Equestrian,EVENTING,2010,Gelding,105JT77,Bay,HANNA KAMINSKA,CZUWAJ,"MARCIN KAMINSKI, JAN KAMINSKI",Z. & A. & H. & I. & K. KAMINSKA,
H000044,Australia,MILKY WAY,Equestrian,JUMPING,2007,Mare,104LQ42,Grey,ALTENBURG ANNA,CLEARWAY,ALICE CAMERON,,AUS
H000046,Australia,FELLOW CASTLEFIELD,Equestrian,JUMPING,2010,Gelding,104YN50,Bay,EKBLOM WILMA,JE T'AIME FLAMENCO,"E.TOPS-ALEXANDER,TOPS HORSE TRADING",VICTORY EQUESTRIAN SPORT BV,NED
H000048,Austria,ELEKTRIC BLUE P,Equestrian,JUMPING,2011,Gelding,105BQ61,Bay,OFFNER MARIELLA,ELDORADO VD ZESHOEK,MAX KUHNER,,GER
H000049,Austria,RENEGADE,Equestrian,JUMPING,2013,Gelding,105WY56,Dark Bay,KOLLER ROMANA,QUINTERO,CHRISTINE & CHRISTOPH OBERNAUER,,GER
H000051,Austria,NAXCEL V,Equestrian,JUMPING,2013,Stallion,106EP86,Chestnut,MARZEC DAGMARA,BALOU DU ROUET,SYNDIKAT NAXCEL V.,KATRIN PFINGSTL,BEL
H000054,Austria,CUMA 5,Equestrian,JUMPING,2012,Gelding,106IT13,Bay,STRAUSS JULIA,COMME IL FAUT 5,GERHARD RAUCH,MARCEL STOBY,GER
H000056,Belgium,QUEL HOMME DE HUS,Equestrian,JUMPING,2006,Stallion,103VE40,Bay,LOBREAU BRIANNA,QUIDAM DE REVEL,"JEROME GUERY, ALEXANDER OANCEA",EDEN FARM FARL,GER
H000060,Belgium,ERMITAGE KALONE,Equestrian,JUMPING,2014,Stallion,106SE96,Chestnut,MELSEN SANNE,CATOKI,JORIS VAN DIJCK,,FRA
H000062,Belgium,IQ VAN HET STEENTJE,Equestrian,JUMPING,2008,Gelding,104HP75,Bay,SEVERIN KRYSTEL,TOULON,"BERT VERMEIR, KAROLIEN BONGAERTS",,BEL
H000065,Brazil,PRIMAVERA,Equestrian,JUMPING,2011,Mare,107AW06,Bay,DE SOUSA PINTO XAVIER JOAO ALEXAND.,CALVARO F.C.,ANA ELIZA AGUIAR M RAMOS,,BRA
H000068,Brazil,MISS BLUE,Equestrian,JUMPING,2013,Mare,107VC29,Bay,EEROLA OONA HELENA JUULIA,CHACCO-BLUE,THALITA GORRI OLSEN DE ALMEIDA,,BRA
H000070,Brazil,MAJOR TOM,Equestrian,JUMPING,2013,Gelding,105WM43,Chestnut,HERNANDEZ CARDONA WILDER FRANCISCO,VAGABOND DE LA POMME,ARTEMIS EQUESTRIAN FARM LLC,RODRIGO PESSOA,BEL
H000072,Brazil,NIMROD DE MUZE,Equestrian,JUMPING,2011,Gelding,106BV11,Chestnut,CARVALHO SECIO LUIS MIGUEL,NABAB DE REVE,ANA ELIZA AGUIAR M RAMOS,CAMILA VENISS,BEL
H000078,Canada,NIKKA VD BISSCHOP,Equestrian,JUMPING,2013,Mare,106JJ77,Bay,RESSEGUIER CLEMENCE,EMEROL NOP,"REIN FAMILY LLC., TARA DOW-REIN",,BEL
H000080,Canada,EMERSON,Equestrian,JUMPING,2012,Gelding,107CG44,Bay,WALCHUK STEFANIE,ELDORADO VD ZESHOEK,MARIO & LISA DESLAURIERS,WISHING WELL FARM LLC,BEL
H000082,Canada,FIGOR,Equestrian,JUMPING,2010,Gelding,105CL46,Bay,HOLMBERG CAROLINE,VDL GROEP ZAGREB,"ARTISAN FARMS, LLC, TIFFANY FOSTER",,NED
H000083,Canada,TRUMAN,Equestrian,JUMPING,2009,Gelding,104WG71,Bay,INGRATTA DANNY,MYLORD CARTHAGO*HN,MILLAR BROOKE FARM LTD & OVERLUND,,FRA
H000087,Chile,NELSON DU PETIT VIVIER,Equestrian,JUMPING,2013,Stallion,107KZ48,Chestnut,ESPOSITO JUAN PABLO,RUSSEL,"C. HURTADO PETERSEN, A. COVARRUBIAS",SABISCHY HASSLER HERMANN,BEL
H000090,Colombia,KHEROS VAN'T HOOGEINDE,Equestrian,JUMPING,2010,Gelding,104QT85,Bay,HUSSON LUCIE,ECHO VAN T SPIEVELD,BERTRAND DARIER,RENE LOPEZ LIZARAZO,BEL
H000094,Denmark,NAPOLI VH NEDERASSENTHOF,Equestrian,JUMPING,2013,Gelding,106SN39,Bay,CARLSSON HANNA,PRESIDENT,SCHOU ABSOLUTE HORSES,,BEL
H000095,Egypt,CORONADO,Equestrian,JUMPING,2009,Gelding,104HU88,Grey,ESCALERA IBARRA JESUS OCTAVIO,SAN PATRIGNANO CASSINI,"EVERGATE STABLES LLC, NAYEL NASSAR",,GER
H000099,Spain,LEGEND,Equestrian,JUMPING,2011,Gelding,106AM28,Chestnut,OLSZEWSKA Joanna Maria,OGANO SITTE,KALIYUGA S.L.,,BEL
H000101,Spain,PUMA HS,Equestrian,JUMPING,2013,Gelding,106AR28,Grey,AMARY ADELINE,UNTOUCHABLE 27,ALVAREZ MOYA HORSES S.L.,HUGO SIMON,DEN
H000103,Spain,TIRANO,Equestrian,JUMPING,2013,Gelding,106OY68,Grey,BENKE ORSOLYA,CHACCO-BLUE,ALVAREZ MOYA HORSES S.L.,,ESP
H000107,Estonia,EXPERT,Equestrian,JUMPING,2009,Gelding,104QH38,Bay,TRIP ISA,USTINOV,MY RELANDER,,NED
H000110,France,I AMELUSINA R 51,Equestrian,JUMPING,2013,Stallion,106VY70,Chestnut,GUILLUY MARGAUX,DEXTER R,"S.A. M.S.H., PASCALE BLISCAUX",PHILIPPE BERTHOL,NED
H000112,France,DUBAI DU CEDRE,Equestrian,JUMPING,2013,Mare,106TX21,Chestnut,BELOUET CAROLINE,BALOUBET DU ROUET,SARL EXCEPTIONAL HORSES S.L.,"PERRINE CATELINE, SYLVAIN PITOIS",FRA
H000113,France,DORAI D'AIGUILLY,Equestrian,JUMPING,2013,Mare,106IA41,Bay,MICHAUD CORALINE,KANNAN,E.A.R.L. ECURIE PERREAU ET FILS,EMILIE PERREAU,FRA
H000114,France,VIKING D'LA ROUSSERIE,Equestrian,JUMPING,2009,Gelding,104PZ71,Chestnut,SCHMIDT MATHILDE,QUAPRICE BOIS MARGOT,SAS FINEGAL,,FRA
H000118,Great Britain,JEFFERSON,Equestrian,JUMPING,2009,Gelding,104SN26,Bay,HONNET DAVID,COOPER VAN DE HEFFINCK,LADY PAULINE HARRIS,LADY PAULINE KIRKHAM,BEL
H000119,Great Britain,ROMEO 88,Equestrian,JUMPING,2009,Gelding,104NF14,Bay,ELLWOOD GEORGIA,CONTACT VAN DE HEFFINCK,"ANN THOMPSON, HARRY CHARLES",,BEL
H000123,Great Britain,POINT BREAK,Equestrian,JUMPING,2014,Stallion,106PT56,Bay,LAKE DERREN,ACTION-BREAKER,"BEN MAHER, CHARLOTTE ROSSETTER",PAMELA WRIGHT,SWE
H000124,Great Britain,CACHAREL,Equestrian,JUMPING,2011,Mare,106EI17,Bay,ATTWELL CHARLOTTE,CACHAS,"JOY COCKLIN, LAURA STOCKDALE",,GER
H000129,Germany,CHECKER 47,Equestrian,JUMPING,2010,Gelding,104YP79,Grey,KARLSSON SOFIE,COMME IL FAUT 5,M.H. & PARTNER GBR,MADELEINE WINTER-SCHULZE,GER
H000132,Germany,UNITED TOUCH S,Equestrian,JUMPING,2012,Stallion,106FU93,Bay,WALLIN FELICIA,UNTOUCHED,JULIUS-PETER SINNACK,,GER
H000133,Germany,DORETTE,Equestrian,JUMPING,2009,Mare,106EP52,Dark Chestnut,LEX ANNA-LENA,DOLLAR DU MURIER,"ASHFORD FARM BV, JANA WARGERS",,GER
H000134,Germany,ZINEDAY,Equestrian,JUMPING,2014,Gelding,106MW29,Bay,FUNDIS LISA,ZINEDINE,"ALICE LAWAETZ, PHILIPP WEISHAUPT",,GER
H000138,Greece,L'ARTISTE DE TOXANDRA,Equestrian,JUMPING,2011,Gelding,105AU37,Bay,DAL OLIO DANIEL,TOULON,ELIA CONSTRUCTION SA,,BEL
H000140,Ireland,LEGACY,Equestrian,JUMPING,2010,Mare,104YB90,Bay,GARAVELLI FRANCESCA,CHIPPENDALE Z,"ARIEL GRANGE, DANIEL COYLE",,BEL
H000146,Ireland,MAURICE,Equestrian,JUMPING,2012,Gelding,107PV06,Bay,BERG JOHANNA,THUNDER VD ZUUTHOEVE,"CIAN O'CONNOR, KEIRA STOUTE",SARAH STOUTE,BEL
H000147,Ireland,JAMES KANN CRUZ,Equestrian,JUMPING,2013,Gelding,106UE67,Grey,ISRAELSSON MARIA,KANNAN,"GIZMO PARTNERS, LLC, SHANE SWEETNAM",,IRL
H000149,Ireland,PACINO AMIRO,Equestrian,JUMPING,2012,Gelding,105YF25,Bay,MUNTER Lovisa,PACINO,BALLYWALTER STABLES LTD,,IRL
H000153,Israel,LADRIANO Z,Equestrian,JUMPING,2008,Gelding,104WU16,Bay,LEGER PHOEBE,LAWITO,"BLUE STAR INVESTMENTS, D. BLUMAN",OVER THE TOP STABLES LLC,GER
H000154,Israel,DONATELLO 141,Equestrian,JUMPING,2011,Gelding,106BK22,Bay,RAFLOWITZ BRITTNI,DIARADO,"ASHLEE BOND SHOWJUMPING, L.P.",ASHLEE BOND,GER
H000156,Israel,GALAXY HM,Equestrian,JUMPING,2011,Gelding,107GV39,Black,STANEK JESSICA,QUALITY TIME TN,ROBIN MUHR,,BEL
H000157,Israel,C VIER 2,Equestrian,JUMPING,2008,Gelding,104XS45,Bay,MARIE LOUISE KENZO,CARDENTO 933,"ISABELLA RUSSEKOFF, SUAVE PONY LLC",,GER
H000159,Italy,ODENSE ODEVELD,Equestrian,JUMPING,2014,Gelding,106MI22,Bay,CHIAUZZI BEATRICE,DIAMANT DE SEMILLY,"E. CAMILLI, R&R HORSES GERMANY",P. SCHOCKEMOHLE PFERDEHALTUNG GMBH,BEL
H000161,Japan,KARAMELL M & M,Equestrian,JUMPING,2014,Gelding,107ZD76,Bay,BERWE KIM,KANNAN,TAKASHI HAASE SHIBAYAMA,,GER
H000163,Japan,SAXO DE LA COUR,Equestrian,JUMPING,2006,Gelding,103UF41,Chestnut,ALLOUI MOHAMED CHERIF,TLALOC M,NICHIHO THINK TANK CO. LTD,,FRA
H000165,Japan,CHADELLANO,Equestrian,JUMPING,2011,Gelding,106MN84,Dark Bay,EDLER VIVIEN,CHACCO-BLUE,JAPAN EQUESTRIAN FEDERATION,,GER
H000168,Japan,QUINCY 194,Equestrian,JUMPING,2011,Gelding,105XS85,Bay,DOUGALL BROOKE SHANNAE,FRH QUAID,1_3_15 KUROSHIMA,,GER
H000170,Saudi Arabia,UNTOUCHABLE 32,Equestrian,JUMPING,2013,Mare,106VB06,Chestnut,PANNA SZENTE,VAN HELSING,SAUDI ARABIAN EQUESTRIAN FEDERATION,,GER
H000171,Saudi Arabia,JAGUAR KING WD,Equestrian,JUMPING,2014,Gelding,107GX99,Bay,LEDIN ISABEL MADELEINE ANNELISE,VDL ZIROCCO BLUE,SAUDI ARABIAN EQUESTRIAN FEDERATION,,NED
H000174,Saudi Arabia,VENTAGO,Equestrian,JUMPING,2013,Gelding,106OP84,Bay,VIOLA MARIA SOFIA,VAN HELSING,SAUDI ARABIAN EQUESTRIAN FEDERATION,,GER
H000175,Saudi Arabia,ALAMO,Equestrian,JUMPING,2008,Gelding,105AX08,Black,GUIMARAES GUSTAVO,UKATO,SAUDI ARABIAN EQUESTRIAN FEDERATION,,NED
H000176,Latvia,PALLADIUM KJV,Equestrian,JUMPING,2014,Stallion,106RW22,Bay,,FALKENHOF'S LANCER,"FERUZ ABDULLAEV, KN SPORTS SIA",,UKR
H000177,Lithuania,LINKOLNS,Equestrian,JUMPING,2007,Gelding,106ET48,Bay,,LOUIS J,ANDRIUS PETROVAS,,LAT
H000178,Mexico,CONTENDROS 2,Equestrian,JUMPING,2007,Stallion,104CU40,Dark Bay,HERRERA VICTOR,CONTENDRO I,"ANDRES AZCARRAGA, JAIME AZCARRAGA",,GER
H000179,Mexico,H-LUCKY RETTO,Equestrian,JUMPING,2012,Mare,106OO46,Bay,,BERNINI,Jose Antonio CHEDRAUI EGUIA,J A. & J P. CHEDRAUI PROM,NED
H000181,Mexico,CONTAGO,Equestrian,JUMPING,2011,Gelding,106GK15,Grey,FLORES MARIO,CORNET OBOLENSKY,"DAVID GARZA, MONICA GARZA",,MEX
H000183,Mexico,PORTHOS MAESTRO WH Z,Equestrian,JUMPING,2014,Gelding,106VF84,Bay,MICHEL JOY,PICASSO Z,H5 SPORT HORSES LLC,"C. HANK GONZALEZ, S M. GUERREIRO",BEL
H000190,Netherlands,IMAGINE,Equestrian,JUMPING,2013,Gelding,106QY91,Grey,KANKA GUT BARBARA,CASSINI GOLD,CONNY VISCAAL,ERIC BERKHOF PAARDEN BV,NED
H000191,Netherlands,GRANDORADO,Equestrian,JUMPING,2011,Stallion,105JJ19,Bay,SKILLEN RICHARD,ELDORADO VD ZESHOEK,TEAM NIJHOF VOF,WILLEM GREVE SPORTPAARDEN B.V.,NED
H000194,Netherlands,URICAS V/D KATTEVENNEN,Equestrian,JUMPING,2012,Stallion,105OR85,Bay,TRESCH MORGANE,URIKO,"BVBA SPRONKEN LEON, HARRIE SMOLDERS",,GER
H000196,Netherlands,BEAUVILLE Z,Equestrian,JUMPING,2010,Gelding,105FS95,Bay,SEIDLER ALIN,BUSTIQUE,PONTEGADEA S.L. M. ORTEGA PEREZ,SPRINGSTAL VAN DER VLEUTEN,BEL
H000201,Norway,MISTRAL VAN DE VOGELZANG,Equestrian,JUMPING,2012,Gelding,105XD17,Bay,ROLIGHETEN LINDGREN EVILIE,ELVIS TER PUTTE,"KOEN VANDEPUTTE, STALL GULLIK AS",,BEL
H000203,Poland,ISSEM,Equestrian,JUMPING,2013,Gelding,106BH73,Chestnut,GRZEGORZEWSKA HELENA,QUALITY TIME TN,SYLWIA GRZEGORZEWSKA,,NED
H000204,Poland,FLASH BLUE B,Equestrian,JUMPING,2010,Gelding,106AW17,Bay,PRZYBOROWSKA PATRYCJA,MR BLUE,KLAUDIA PRYMEK,,NED
H000209,Poland,COLINERO,Equestrian,JUMPING,2012,Stallion,106EU23,Bay,KOWALCZYK IWONA,COLA 10,MARZENA FALARZ,,POL
H000210,Poland,CHEPETTANO,Equestrian,JUMPING,2012,Stallion,105QT15,Grey,ZYGRYKALIS WERONIKA,CHEPETTO,WECHTA INWESTYCJE SP. Z O.O.,,GER
H000211,Portugal,DOURADOS 2,Equestrian,JUMPING,2013,Gelding,106FR63,Grey,RUIVO LUIS,DIARADO,"CAROL GEE, DUARTE SEABRA",,GER
H000214,Switzerland,LEONE JEI,Equestrian,JUMPING,2012,Gelding,106DX29,Grey,VARD SEAN,BALTIC VDL,ADOLFO JURI,,NED
H000215,Switzerland,DYNAMIX DE BELHEME,Equestrian,JUMPING,2013,Mare,106FY67,Bay,UUSI-SIMOLA EMMA,SNAIKE DE BLONDEL,"C.H.C. HORSES SA, LA GIRAFFA SA",,FRA
H000218,Switzerland,GAMIN VAN'T NAASTVELDHOF,Equestrian,JUMPING,2012,Gelding,106IW88,Bay,MIOT-PENNANEACH LOLIE,CHACCO CHACCO,"ARTURO FASANA, CELINE FASANA",,BEL
H000219,Switzerland,VANCOUVER DE LANLORE,Equestrian,JUMPING,2009,Stallion,104IR75,Dark Bay,MENARD MARIE-CHARLOTTE,TOULON,"FRANCOIS VORPE, GUISEPPE MARINO",,FRA
H000224,Sweden,INDIANA,Equestrian,JUMPING,2008,Mare,104NJ55,Bay,ANDERSSON LINA,KASHMIR VAN SCHUTTERSHOF,STUTERI ARCH,,BEL
H000225,Sweden,ZUCCERO HV,Equestrian,JUMPING,2012,Stallion,106GH60,Grey,NILSSON CILLA,VDL ZIROCCO BLUE,HOLST. VERBAND HENGSTHALTUNGS GMBH,ROLF-GORAN BENGTSSON,GER
H000227,Sweden,CATCH ME NOT S,Equestrian,JUMPING,2006,Gelding,104SW86,Grey,NORD MADELENE,CARDENTO 933,EBBA BERGLOF,,SWE
H000230,Sweden,KING EDWARD,Equestrian,JUMPING,2010,Gelding,105PY55,Chestnut,BARRAUD LOUISE,EDWARD 28,DUFOUR STABLES AG,HENRIK VON ECKERMANN,BEL
H000233,Syria,VAGABON DES FORETS,Equestrian,JUMPING,2009,Gelding,105AT41,Grey,NOVOZHILOVA DARIA,COROFINO 2,"ALAA KAMAL AHMAD, AYA HAMCHO",,FRA
H000234,Thailand,KINMAR AGALUX,Equestrian,JUMPING,2012,Mare,105XV51,Chestnut,KUZNIK LUKASZ,AGANIX DU SEIGNEUR,"A. & P. CHIARAVANONT, S. MITCHELL","C.RATTANAWEERAWONG, S.SAMATIMONGKOL",IRL
H000235,UA Emirates,JARLIN DE TORRES,Equestrian,JUMPING,2011,Gelding,105BF68,Bay,KHAN MUBARIK,JARNAC,AL SHIRA'AA STABLES,,ESP
H000237,UA Emirates,MCGREGOR,Equestrian,JUMPING,2012,Gelding,105TZ81,Grey,ABDELBASET AHMED ABDELMOBDY AHMED,CARDENTO 933,AL SHIRA'AA STABLES,,IRL
H000239,UA Emirates,ENJOY DE LA MURE,Equestrian,JUMPING,2014,Stallion,106ZH10,Bay,KHAN IMTIYAJ,VIGO CECE,AL SHIRA'AA STABLES,,FRA
H000241,UA Emirates,FONCETTI VD HEFFINCK,Equestrian,JUMPING,2014,Stallion,106PN99,Bay,. AYUB ALI,FOR PLEASURE,AL SHIRA'AA STABLES,,GER
H000242,United States,CARACOLE DE LA ROQUE,Equestrian,JUMPING,2012,Mare,106HF61,Bay,FALANGA TESSA,ZANDOR,"ERIC NAVET, SIGNE OSTBY",,FRA
H000245,United States,GREYA,Equestrian,JUMPING,2014,Mare,107BC69,Grey,MORIARTY DENISE,COLESTUS,KENT FARRINGTON LLC,,GER
H000247,United States,BALOUTINUE,Equestrian,JUMPING,2010,Gelding,106DL80,Bay,THOMAS MARGO,BALOU DU ROUET,ST. BRIDE'S FARM,,GER
H000253,United States,ILEX,Equestrian,JUMPING,2013,Gelding,106NR43,Chestnut,CASTERMAN VIRGINIE,BALTIC VDL,"BONNE CHANCE FARM, MCLAIN WARD",,NED
H000254,Venezuela,CONDARA,Equestrian,JUMPING,2012,Mare,106JP58,Dark Chestnut,,CONTHARGOS,LUIS FERNANDO LARRAZABAL,"VICTORIA HEURTEMATTE, A. THERMIOTIS",GER
H100001,Ireland,CARTELLO,Equestrian,,2007,Stallion,104JZ97,Grey,SHAUNA MURRAY,CARTANI 4,"HEATHMAN FARM, LLC, DARRAGH KENNY",,
H100004,United States,DIABOLO,Equestrian,,2012,Gelding,105YI71,Dark Bay,HAILEY BURLOCK,DIARANO,DIABOLO GROUP,,
H100006,Spain,TORNADO VS,Equestrian,,2011,Gelding,105JJ47,Bay,ALAN RORIZ VAZ,TOULON,ABASCAL BLAZQUEZ,VALENTINA MARIA SOZZI,
H100007,Mexico,ROMEO,Equestrian,,2011,Stallion,105NE82,Grey,LEONARDO PIÑA AMADOR,LANDO,PAULA AMILIBIA PUIG,LORENZO CUA SANCHEZ NAVARRO,
H100008,United States,DIAMANTAIRE,Equestrian,,2010,Gelding,105BM48,Black,CAITLIN MARTIN,DIARADO,WILLIAM COLEMAN,CAROL STEPHENS,
H100011,Japan,CONTHARGO-BLUE,Equestrian,,2012,Gelding,107MZ95,Bay,,CONTHARGOS,GAUDIANO SPORTHORSES S.R.L,"GESTUET LEWIS, EIKEN SATO",
H100012,Great Britain,DALLAS VEGAS BATILLY,Equestrian,,2013,Mare,106MM11,Bay,,CAP KENNEDY,"BEN MAHER, CHARLOTTE ROSSETTER",PAMELA WRIGHT,
H100013,Austria,COLESTUS CAMBRIDGE,Equestrian,,2015,Gelding,107QR89,Grey,,COLESTUS,GERHARD RAUCH,,
H000001,,DALLONE DES DUNES,Modern Pentathlon,,2013,Gelding,,Chestnut,,,GARDE RÉPUBLICAINE,,
H000002,,FOR EVER DU FIEF,Modern Pentathlon,,2015,Gelding,,Chestnut,,,GARDE RÉPUBLICAINE,,
H000003,,HIP STAR DE CHIVALLET*IFCE,Modern Pentathlon,,2017,Gelding,,Chestnut,,,IFCE,,
H000004,,DRUTION DE L'OLIVIER,Modern Pentathlon,,2013,Gelding,,Chestnut,,,SPORTS EQUESTRES MILITAIRES,,
H000005,,VOILA D'AUDAIE,Modern Pentathlon,,2010,Gelding,,Chestnut,,,GARDE RÉPUBLICAINE,,
H000006,,EMYR DE BRION,Modern Pentathlon,,2014,Gelding,,Bay,,,GARDE RÉPUBLICAINE,,
H000007,,JUMP LUCKY*IFCE,Modern Pentathlon,,2016,Mare,,Bay,,,IFCE,,
H000008,,FANFAN DU PITRAY,Modern Pentathlon,,2015,Gelding,,Bay,,,SPORTS EQUESTRES MILITAIRES,,
H000009,,CARIOKA D'ILLIAT,Modern Pentathlon,,2012,Mare,,Dark Bay,,,GARDE RÉPUBLICAINE,,
H000010,,GALANT DE BOIS BRULE,Modern Pentathlon,,2016,Gelding,,Bay,,,GARDE RÉPUBLICAINE,,
H000011,,CRYSTAL WHITE*IFCE,Modern Pentathlon,,2012,Gelding,,Bay,,,IFCE,,
H000012,,ETOILE DE LA CHESNEE,Modern Pentathlon,,2014,Mare,,Grey,,,SPORTS EQUESTRES MILITAIRES,,
H000013,,API D'ESPOIR,Modern Pentathlon,,2010,Gelding,,Bay,,,GARDE RÉPUBLICAINE,,
H000017,,FLAMENCO DU PESTEL,Modern Pentathlon,,2015,Gelding,,Black,,,GARDE RÉPUBLICAINE,,
H000018,,EVORA DES BRIMBELLES,Modern Pentathlon,,2014,Mare,,Bay,,,GARDE RÉPUBLICAINE,,
H000019,,VELOCE DE RIVERLAND*IFCE,Modern Pentathlon,,2009,Mare,,Bay,,,IFCE,,
H000020,,VOLT DE LUSSE,Modern Pentathlon,,2009,Gelding,,Bay,,,SPORTS EQUESTRES MILITAIRES,,
H000021,,FLY DE VESQUERIE,Modern Pentathlon,,2015,Gelding,,Chestnut,,,GARDE RÉPUBLICAINE,,
H000022,,DICTON DE VESQUERIE,Modern Pentathlon,,2013,Gelding,,Chestnut,,,GARDE RÉPUBLICAINE,,
H000024,,EPERVIER DES BRULINS,Modern Pentathlon,,2014,Gelding,,Bay,,,SPORTS EQUESTRES MILITAIRES,,
H000025,,FALCO D'ESPOIR,Modern Pentathlon,,2015,Gelding,,Chestnut,,,GARDE RÉPUBLICAINE,,
H000026,,VALDARLY DU BOSDEL,Modern Pentathlon,,2009,Gelding,,Bay,,,GARDE RÉPUBLICAINE,,
H000027,,BABOUCHKA DE LA BRIDE*IFCE,Modern Pentathlon,,2011,Gelding,,Bay,,,IFCE,,
H000028,,FUTE D'OREAL,Modern Pentathlon,,2015,Gelding,,Chestnut,,,SPORTS EQUESTRES MILITAIRES,,
H000029,,FESTIVAL DU BRION,Modern Pentathlon,,2015,Gelding,,Dark Bay,,,GARDE RÉPUBLICAINE,,
H000030,,GAVROCHE D'INES,Modern Pentathlon,,2016,Gelding,,Bay,,,GARDE RÉPUBLICAINE,,
H000031,,TALISMAN DES NOUES*IFCE,Modern Pentathlon,,2007,Gelding,,Bay,,,IFCE,,
H000032,,VARNA BRECOURT,Modern Pentathlon,,2009,Mare,,Bay,,,SPORTS EQUESTRES MILITAIRES,,
H000033,,CAPRICE DU VIGNEUL,Modern Pentathlon,,2012,Gelding,,Dark Bay,,,GARDE RÉPUBLICAINE,,
H000034,,FAST DU PRE,Modern Pentathlon,,2015,Gelding,,Bay,,,GARDE RÉPUBLICAINE,,
H000035,,FER DE LANCE*IFCE,Modern Pentathlon,,2015,Gelding,,Bay,,,IFCE,,
H000036,,UTOPIE DE GRANDERIE,Modern Pentathlon,,2008,Mare,,Bay,,,SPORTS EQUESTRES MILITAIRES,,
H000037,,VIENS TU DE SEY,Modern Pentathlon,,2009,Gelding,,Dark Bay,,,GARDE RÉPUBLICAINE,,
H000038,,DOLLAR US D'ECLY,Modern Pentathlon,,2013,Gelding,,Bay,,,GARDE RÉPUBLICAINE,,
H000039,,UTOPIE ROSSIGNOL*IFCE,Modern Pentathlon,,2008,Mare,,Chestnut,,,IFCE,,
H000040,,CHINKA'S DOMERGUIE,Modern Pentathlon,,2012,Gelding,,Chestnut,,,SPORTS EQUESTRES MILITAIRES,,
H000041,,AREZZO DE RIVERLAND,Modern Pentathlon,,2010,Gelding,,Bay,,,IFCE,,
H000042,,GRICHKA TAME,Modern Pentathlon,,2016,Mare,,Bay,,,SPORTS EQUESTRES MILITAIRES,,
